﻿{
  "font.bold": {
    "cn": "粗体",
    "en": "Bold",
    "ja": "太字",
    "kr": "굵게"
  },
  "font.italic": {
    "cn": "斜体",
    "en": "Italic",
    "ja": "斜体",
    "kr": "기울임꼴"
  },
  "font.underline": {
    "cn": "下划线",
    "en": "Underline",
    "ja": "下線",
    "kr": "밑줄"
  },
  "font.clear": {
    "cn": "清除格式",
    "en": "Remove Font Style",
    "ja": "クリア",
    "kr": "서식 지우기"
  },
  "font.height": {
    "cn": "行高",
    "en": "Line Height",
    "ja": "文字高",
    "kr": "줄 간격"
  },
  "font.name": {
    "cn": "字体",
    "en": "Font Family",
    "ja": "フォント",
    "kr": "글꼴"
  },
  "font.strikethrough": {
    "cn": "删除线",
    "en": "Strikethrough",
    "ja": "取り消し線",
    "kr": "취소선"
  },
  "font.subscript": {
    "cn": "下标",
    "en": "Subscript",
    "ja": "下付き",
    "kr": "아래 첨자"
  },
  "font.superscript": {
    "cn": "上标",
    "en": "Superscript",
    "ja": "上付き",
    "kr": "위 첨자"
  },
  "font.size": {
    "cn": "字号",
    "en": "Font Size",
    "ja": "大きさ",
    "kr": "글자 크기"
  },
  "image.image": {
    "cn": "图片",
    "en": "Picture",
    "ja": "画像",
    "kr": "그림"
  },
  "image.insert": {
    "cn": "插入图片",
    "en": "Insert Image",
    "ja": "画像挿入",
    "kr": "그림 삽입"
  },
  "image.resizeFull": {
    "cn": "缩放至 100%",
    "en": "Resize full",
    "ja": "最大化",
    "kr": "100% 크기로 변경"
  },
  "image.resizeHalf": {
    "cn": "缩放至 50%",
    "en": "Resize half",
    "ja": "1/2",
    "kr": "50% 크기로 변경"
  },
  "image.resizeQuarter": {
    "cn": "缩放至 25%",
    "en": "Resize quarter",
    "ja": "1/4",
    "kr": "25% 크기로 변경"
  },
  "image.resizeNone": {
    "cn": "原始大小",
    "en": "Original size",
    "ja": "元のサイズ",
    "kr": "원본 크기"
  },
  "image.floatLeft": {
    "cn": "靠左浮动",
    "en": "Float Left",
    "ja": "左寄せ",
    "kr": "왼쪽 정렬"
  },
  "image.floatRight": {
    "cn": "靠右浮动",
    "en": "Float Right",
    "ja": "右寄せ",
    "kr": "오른쪽 정렬"
  },
  "image.floatNone": {
    "cn": "取消浮动",
    "en": "Remove float",
    "ja": "寄せ解除",
    "kr": "정렬하지 않음"
  },
  "image.shapeRounded": {
    "cn": "形状: 圆角",
    "en": "Shape: Rounded",
    "ja": "形状：角丸",
    "kr": "스타일: 둥근 모서리"
  },
  "image.shapeCircle": {
    "cn": "形状: 圆",
    "en": "Shape: Circle",
    "ja": "形状：円",
    "kr": "스타일: 원형"
  },
  "image.shapeThumbnail": {
    "cn": "形状: 缩略图",
    "en": "Shape: Thumbnail",
    "ja": "形状：サムネイル",
    "kr": "스타일: 액자"
  },
  "image.shapeNone": {
    "cn": "形状: 无",
    "en": "Shape: None",
    "ja": "形状：なし",
    "kr": "스타일: 없음"
  },
  "image.dragImageHere": {
    "cn": "将图片拖拽至此处",
    "en": "Drag image or text here",
    "ja": "ここに画像をドラッグしてください",
    "kr": "텍스트 혹은 사진을 이곳으로 끌어오세요"
  },
  "image.dropImage": {
    "cn": "拖拽图片或文本",
    "en": "Drop image or Text",
    "ja": "画像、またはテキストをドラッグ",
    "kr": "텍스트 혹은 사진을 내려놓으세요"
  },
  "image.selectFromFiles": {
    "cn": "从本地上传",
    "en": "Select from files",
    "ja": "画像ファイルを選ぶ",
    "kr": "파일 선택"
  },
  "image.maximumFileSize": {
    "cn": "文件大小最大值",
    "en": "Maximum file size",
    "ja": "最大ファイルサイズ",
    "kr": "최대 파일 크기"
  },
  "image.maximumFileSizeError": {
    "cn": "文件大小超出最大值。",
    "en": "Maximum file size exceeded.",
    "ja": "ファイル サイズが最大値を超えています。",
    "kr": "최대 파일 크기를 초과했습니다."
  },
  "image.url": {
    "cn": "图片地址",
    "en": "Image URL",
    "ja": "URLから画像を挿入する",
    "kr": "사진 URL"
  },
  "image.remove": {
    "cn": "移除图片",
    "en": "Remove Image",
    "ja": "画像を削除する",
    "kr": "사진 삭제"
  },
  "image.original": {
    "cn": "原始图片",
    "en": "Original",
    "ja": "元の画像",
    "kr": "원본"
  },
  "video.video": {
    "cn": "视频",
    "en": "Video",
    "ja": "動画",
    "kr": "동영상"
  },
  "video.videoLink": {
    "cn": "视频链接",
    "en": "Video Link",
    "ja": "動画リンク",
    "kr": "동영상 링크"
  },
  "video.insert": {
    "cn": "插入视频",
    "en": "Insert Video",
    "ja": "動画挿入",
    "kr": "동영상 삽입"
  },
  "video.url": {
    "cn": "视频地址",
    "en": "Video URL",
    "ja": "動画のURL",
    "kr": "동영상 URL"
  },
  "video.providers": {
    "cn": "(优酷, 腾讯, Instagram, DailyMotion, Youtube等)",
    "en": "(YouTube, Vimeo, Vine, Instagram, DailyMotion or Youku)",
    "ja": "(YouTube, Vimeo, Vine, Instagram, DailyMotion, Youku)",
    "kr": "(YouTube, Vimeo, Vine, Instagram, DailyMotion, Youku 사용 가능)"
  },
  "link.link": {
    "cn": "链接",
    "en": "Link",
    "ja": "リンク",
    "kr": "링크"
  },
  "link.insert": {
    "cn": "插入链接",
    "en": "Insert Link",
    "ja": "リンク挿入",
    "kr": "링크 삽입"
  },
  "link.unlink": {
    "cn": "去除链接",
    "en": "Unlink",
    "ja": "リンク解除",
    "kr": "링크 삭제"
  },
  "link.edit": {
    "cn": "编辑链接",
    "en": "Edit",
    "ja": "編集",
    "kr": "수정"
  },
  "link.textToDisplay": {
    "cn": "显示文本",
    "en": "Text to display",
    "ja": "リンク文字列",
    "kr": "링크에 표시할 내용"
  },
  "link.url": {
    "cn": "链接地址",
    "en": "To what URL should this link go?",
    "ja": "URLを入力してください",
    "kr": "이동할 URL"
  },
  "link.openInNewWindow": {
    "cn": "在新窗口打开",
    "en": "Open in new window",
    "ja": "新しいウィンドウで開く",
    "kr": "새창으로 열기"
  },
  "link.useProtocol": {
    "cn": "使用默认协议",
    "en": "Use default protocol",
    "ja": "Use default protocol",
    "kr": "Use default protocol"
  },
  "table.table": {
    "cn": "表格",
    "en": "Table",
    "ja": "テーブル",
    "kr": "표"
  },
  "table.addRowAbove": {
    "cn": "在上方插入行",
    "en": "Add row above",
    "ja": "行を上に追加",
    "kr": "위에 행 삽입"
  },
  "table.addRowBelow": {
    "cn": "在下方插入行",
    "en": "Add row below",
    "ja": "行を下に追加",
    "kr": "아래에 행 삽입"
  },
  "table.addColLeft": {
    "cn": "在左侧插入列",
    "en": "Add column left",
    "ja": "列を左に追加",
    "kr": "왼쪽에 열 삽입"
  },
  "table.addColRight": {
    "cn": "在右侧插入列",
    "en": "Add column right",
    "ja": "列を右に追加",
    "kr": "오른쪽에 열 삽입"
  },
  "table.delRow": {
    "cn": "删除行",
    "en": "Delete row",
    "ja": "行を削除",
    "kr": "행 지우기"
  },
  "table.delCol": {
    "cn": "删除列",
    "en": "Delete column",
    "ja": "列を削除",
    "kr": "열 지우기"
  },
  "table.delTable": {
    "cn": "删除表格",
    "en": "Delete table",
    "ja": "テーブルを削除",
    "kr": "표 삭제"
  },
  "hr.insert": {
    "cn": "水平线",
    "en": "Insert Horizontal Rule",
    "ja": "水平線の挿入",
    "kr": "구분선 삽입"
  },
  "style.style": {
    "cn": "样式",
    "en": "Style",
    "ja": "スタイル",
    "kr": "스타일"
  },
  "style.p": {
    "cn": "普通",
    "en": "Normal",
    "ja": "標準",
    "kr": "본문"
  },
  "style.blockquote": {
    "cn": "引用",
    "en": "Quote",
    "ja": "引用",
    "kr": "인용구"
  },
  "style.pre": {
    "cn": "代码",
    "en": "Code",
    "ja": "コード",
    "kr": "코드"
  },
  "style.h1": {
    "cn": "标题 1",
    "en": "Header 1",
    "ja": "見出し1",
    "kr": "제목 1"
  },
  "style.h2": {
    "cn": "标题 2",
    "en": "Header 2",
    "ja": "見出し2",
    "kr": "제목 2"
  },
  "style.h3": {
    "cn": "标题 3",
    "en": "Header 3",
    "ja": "見出し3",
    "kr": "제목 3"
  },
  "style.h4": {
    "cn": "标题 4",
    "en": "Header 4",
    "ja": "見出し4",
    "kr": "제목 4"
  },
  "style.h5": {
    "cn": "标题 5",
    "en": "Header 5",
    "ja": "見出し5",
    "kr": "제목 5"
  },
  "style.h6": {
    "cn": "标题 6",
    "en": "Header 6",
    "ja": "見出し6",
    "kr": "제목 6"
  },
  "lists.unordered": {
    "cn": "无序列表",
    "en": "Unordered list",
    "ja": "通常リスト",
    "kr": "글머리 기호"
  },
  "lists.ordered": {
    "cn": "有序列表",
    "en": "Ordered list",
    "ja": "番号リスト",
    "kr": "번호 매기기"
  },
  "options.help": {
    "cn": "帮助",
    "en": "Help",
    "ja": "ヘルプ",
    "kr": "도움말"
  },
  "options.fullscreen": {
    "cn": "全屏",
    "en": "Full Screen",
    "ja": "フルスクリーン",
    "kr": "전체 화면"
  },
  "options.codeview": {
    "cn": "源代码",
    "en": "Code View",
    "ja": "コード表示",
    "kr": "코드 보기"
  },
  "paragraph.paragraph": {
    "cn": "段落",
    "en": "Paragraph",
    "ja": "文章",
    "kr": "문단 정렬"
  },
  "paragraph.outdent": {
    "cn": "减少缩进",
    "en": "Outdent",
    "ja": "字上げ",
    "kr": "내어쓰기"
  },
  "paragraph.indent": {
    "cn": "增加缩进",
    "en": "Indent",
    "ja": "字下げ",
    "kr": "들여쓰기"
  },
  "paragraph.left": {
    "cn": "左对齐",
    "en": "Align left",
    "ja": "左寄せ",
    "kr": "왼쪽 정렬"
  },
  "paragraph.center": {
    "cn": "居中对齐",
    "en": "Align center",
    "ja": "中央寄せ",
    "kr": "가운데 정렬"
  },
  "paragraph.right": {
    "cn": "右对齐",
    "en": "Align right",
    "ja": "右寄せ",
    "kr": "오른쪽 정렬"
  },
  "paragraph.justify": {
    "cn": "两端对齐",
    "en": "Justify full",
    "ja": "均等割付",
    "kr": "양쪽 정렬"
  },
  "color.recent": {
    "cn": "最近使用",
    "en": "Recent Color",
    "ja": "現在の色",
    "kr": "마지막으로 사용한 색"
  },
  "color.more": {
    "cn": "更多",
    "en": "More Color",
    "ja": "もっと見る",
    "kr": "다른 색 선택"
  },
  "color.background": {
    "cn": "背景",
    "en": "Background Color",
    "ja": "背景色",
    "kr": "배경색"
  },
  "color.foreground": {
    "cn": "前景",
    "en": "Text Color",
    "ja": "文字色",
    "kr": "글자색"
  },
  "color.transparent": {
    "cn": "透明",
    "en": "Transparent",
    "ja": "透明",
    "kr": "투명"
  },
  "color.setTransparent": {
    "cn": "透明",
    "en": "Set transparent",
    "ja": "透明にする",
    "kr": "투명으로 설정"
  },
  "color.reset": {
    "cn": "重置",
    "en": "Reset",
    "ja": "標準",
    "kr": "취소"
  },
  "color.resetToDefault": {
    "cn": "默认",
    "en": "Reset to default",
    "ja": "標準に戻す",
    "kr": "기본값으로 설정"
  },
  "color.cpSelect": {
    "cn": "选择",
    "en": "Select",
    "ja": "その他の色を選択",
    "kr": "고르다"
  },
  "shortcut.shortcuts": {
    "cn": "快捷键",
    "en": "Keyboard shortcuts",
    "ja": "ショートカット",
    "kr": "키보드 단축키"
  },
  "shortcut.close": {
    "cn": "关闭",
    "en": "Close",
    "ja": "閉じる",
    "kr": "닫기"
  },
  "shortcut.textFormatting": {
    "cn": "文本格式",
    "en": "Text formatting",
    "ja": "文字フォーマット",
    "kr": "글자 스타일 적용"
  },
  "shortcut.action": {
    "cn": "动作",
    "en": "Action",
    "ja": "アクション",
    "kr": "기능"
  },
  "shortcut.paragraphFormatting": {
    "cn": "段落格式",
    "en": "Paragraph formatting",
    "ja": "文章フォーマット",
    "kr": "문단 스타일 적용"
  },
  "shortcut.documentStyle": {
    "cn": "文档样式",
    "en": "Document Style",
    "ja": "ドキュメント形式",
    "kr": "문서 스타일 적용"
  },
  "shortcut.extraKeys": {
    "cn": "额外按键",
    "en": "Extra keys",
    "ja": "追加キー",
    "kr": "추가 키"
  },
  "help.insertParagraph": {
    "cn": "插入段落",
    "en": "Insert Paragraph",
    "ja": "改行挿入",
    "kr": "문단 삽입"
  },
  "help.undo": {
    "cn": "撤销",
    "en": "Undo the last command",
    "ja": "一旦、行った操作を戻す",
    "kr": "마지막 명령 취소"
  },
  "help.redo": {
    "cn": "重做",
    "en": "Redo the last command",
    "ja": "最後のコマンドをやり直す",
    "kr": "마지막 명령 재실행"
  },
  "help.tab": {
    "cn": "增加缩进",
    "en": "Tab",
    "ja": "タブ",
    "kr": "탭"
  },
  "help.untab": {
    "cn": "减少缩进",
    "en": "Untab",
    "ja": "タブ戻し",
    "kr": "탭 제거"
  },
  "help.bold": {
    "cn": "粗体",
    "en": "Set a bold style",
    "ja": "太文字",
    "kr": "굵은 글자로 설정"
  },
  "help.italic": {
    "cn": "斜体",
    "en": "Set a italic style",
    "ja": "斜体",
    "kr": "기울임꼴 글자로 설정"
  },
  "help.underline": {
    "cn": "下划线",
    "en": "Set a underline style",
    "ja": "下線",
    "kr": "밑줄 글자로 설정"
  },
  "help.strikethrough": {
    "cn": "删除线",
    "en": "Set a strikethrough style",
    "ja": "取り消し線",
    "kr": "취소선 글자로 설정"
  },
  "help.removeFormat": {
    "cn": "清除格式",
    "en": "Clean a style",
    "ja": "装飾を戻す",
    "kr": "서식 삭제"
  },
  "help.justifyLeft": {
    "cn": "左对齐",
    "en": "Set left align",
    "ja": "左寄せ",
    "kr": "왼쪽 정렬하기"
  },
  "help.justifyCenter": {
    "cn": "居中对齐",
    "en": "Set center align",
    "ja": "真ん中寄せ",
    "kr": "가운데 정렬하기"
  },
  "help.justifyRight": {
    "cn": "右对齐",
    "en": "Set right align",
    "ja": "右寄せ",
    "kr": "오른쪽 정렬하기"
  },
  "help.justifyFull": {
    "cn": "两端对齐",
    "en": "Set full align",
    "ja": "すべてを整列",
    "kr": "좌우채움 정렬하기"
  },
  "help.insertUnorderedList": {
    "cn": "无序列表",
    "en": "Toggle unordered list",
    "ja": "行頭に●を挿入",
    "kr": "글머리 기호 켜고 끄기"
  },
  "help.insertOrderedList": {
    "cn": "有序列表",
    "en": "Toggle ordered list",
    "ja": "行頭に番号を挿入",
    "kr": "번호 매기기 켜고 끄기"
  },
  "help.outdent": {
    "cn": "减少缩进",
    "en": "Outdent on current paragraph",
    "ja": "字下げを戻す（アウトデント）",
    "kr": "현재 문단 내어쓰기"
  },
  "help.indent": {
    "cn": "增加缩进",
    "en": "Indent on current paragraph",
    "ja": "字下げする（インデント）",
    "kr": "현재 문단 들여쓰기"
  },
  "help.formatPara": {
    "cn": "设置选中内容样式为 普通",
    "en": "Change current block's format as a paragraph(P tag)",
    "ja": "段落(Pタグ)指定",
    "kr": "현재 블록의 포맷을 문단(P)으로 변경"
  },
  "help.formatH1": {
    "cn": "设置选中内容样式为 标题1",
    "en": "Change current block's format as H1",
    "ja": "H1指定",
    "kr": "현재 블록의 포맷을 제목1(H1)로 변경"
  },
  "help.formatH2": {
    "cn": "设置选中内容样式为 标题2",
    "en": "Change current block's format as H2",
    "ja": "H2指定",
    "kr": "현재 블록의 포맷을 제목2(H2)로 변경"
  },
  "help.formatH3": {
    "cn": "设置选中内容样式为 标题3",
    "en": "Change current block's format as H3",
    "ja": "H3指定",
    "kr": "현재 블록의 포맷을 제목3(H3)로 변경"
  },
  "help.formatH4": {
    "cn": "设置选中内容样式为 标题4",
    "en": "Change current block's format as H4",
    "ja": "H4指定",
    "kr": "현재 블록의 포맷을 제목4(H4)로 변경"
  },
  "help.formatH5": {
    "cn": "设置选中内容样式为 标题5",
    "en": "Change current block's format as H5",
    "ja": "H5指定",
    "kr": "현재 블록의 포맷을 제목5(H5)로 변경"
  },
  "help.formatH6": {
    "cn": "设置选中内容样式为 标题6",
    "en": "Change current block's format as H6",
    "ja": "H6指定",
    "kr": "현재 블록의 포맷을 제목6(H6)로 변경"
  },
  "help.insertHorizontalRule": {
    "cn": "插入水平线",
    "en": "Insert horizontal rule",
    "ja": "&lt;hr /&gt;を挿入",
    "kr": "구분선 삽입"
  },
  "help.linkDialog.show": {
    "cn": "显示链接对话框",
    "en": "Show Link Dialog",
    "ja": "リンク挿入",
    "kr": "링크 대화상자 열기"
  },
  "history.undo": {
    "cn": "撤销",
    "en": "Undo",
    "ja": "元に戻す",
    "kr": "실행 취소"
  },
  "history.redo": {
    "cn": "重做",
    "en": "Redo",
    "ja": "やり直す",
    "kr": "재실행"
  },
  "specialChar.specialChar": {
    "cn": "特殊字符",
    "en": "SPECIAL CHARACTERS",
    "ja": "特殊文字",
    "kr": "특수문자"
  },
  "specialChar.select": {
    "cn": "选取特殊字符",
    "en": "Select Special characters",
    "ja": "特殊文字の選択",
    "kr": "특수문자를 선택하세요"
  },
  "font.sizeunit": {
    "cn": "Font Size Unit",
    "en": "Font Size Unit",
    "ja": "Font Size Unit",
    "kr": "Font Size Unit"
  },
  "help.escape": {
    "cn": "Escape",
    "en": "Escape",
    "ja": "Escape",
    "kr": "Escape"
  },
  "output.noSelection": {
    "cn": "No Selection Made!",
    "en": "No Selection Made!",
    "ja": "No Selection Made!",
    "kr": "No Selection Made!"
  }
}